{
    "_comment": "This is a samle setting file",
    "xrange": [
        -3.0,
        3
    ],
    "yrange": [
        -3.0,
        3.0
    ],
    "alpha": 0.25,
    "break": 2000,
    "x0": [
        0.98740072,
        1.46246489
    ],
    "params": [
        -3.0019999999999865,
        1.02,
        1.04,
        0.675162,
        3
    ],
    "dparams": [
        0.1,
        0.1,
        0.1,
        0.1
    ],
    "period": 4,
    "inc_param": 3,
    "var_param": 0,
    "delta_inc": 0.000001,
    "inc_iter": 50,
    "max_iter": 32,
    "dif_strip": 1e-08,
    "eps": 1e-08,
    "explode": 1000
}